product_id,product_name,status,details
SWING_GUAVA_270,Swing guava 270ml,DOWNLOADED,product_images\Swing guava 270ml__SWING_GUAVA_270.webp
PAPER_BOAT_COCONUT_200,Paper boat coconut 200ml,DOWNLOADED,product_images\Paper boat coconut 200ml__PAPER_BOAT_COCONUT_200.webp
MAAZA_150,Maaza 150ml mango,DOWNLOADED,product_images\Maaza 150ml mango__MAAZA_150.webp
FROOTI_300,Frooti Mango 300ml,DOWNLOADED,product_images\Frooti Mango 300ml__FROOTI_300.webp
MAAZA_270,Maaza 270ml mango,DOWNLOADED,product_images\Maaza 270ml mango__MAAZA_270.webp
PEPSI_CAN_300,Pepsi Can 300ml,DOWNLOADED,product_images\Pepsi Can 300ml__PEPSI_CAN_300.webp
RASKIK_150,Raskik 150ml mango,DOWNLOADED,product_images\Raskik 150ml mango__RASKIK_150.webp
SWING_270,Swing pomegranate 270ml,DOWNLOADED,product_images\Swing pomegranate 270ml__SWING_270.webp
MINUTE_MAID_ORANGE_250,Minute Maid Orange 250ml,DOWNLOADED,product_images\Minute Maid Orange 250ml__MINUTE_MAID_ORANGE_250.webp
REDBULL_250,Red Bull Energy Drink 250ml,DOWNLOADED,product_images\Red Bull Energy Drink 250ml__REDBULL_250.webp
POWERHORSE_250,Power Horse 250ml,DOWNLOADED,product_images\Power Horse 250ml__POWERHORSE_250.webp
MONSTER_ULTRA_350,Monster Ultra Can 350ml,DOWNLOADED,product_images\Monster Ultra Can 350ml__MONSTER_ULTRA_350.webp
MONSTER_CAN_350,Monster Energy Can 350ml,DOWNLOADED,product_images\Monster Energy Can 350ml__MONSTER_CAN_350.webp
STING_250,Sting Energy 250ml,DOWNLOADED,product_images\Sting Energy 250ml__STING_250.webp
CAMPA_ENERGY_185,Campa Energy Gold 185ml,DOWNLOADED,product_images\Campa Energy Gold 185ml__CAMPA_ENERGY_185.webp
LIMCA_250,Limca 250ml,DOWNLOADED,product_images\Limca 250ml__LIMCA_250.webp
REDBULL_SUGARFREE_250,Red Bull Sugarfree 250ml,DOWNLOADED,product_images\Red Bull Sugarfree 250ml__REDBULL_SUGARFREE_250.webp
DIET_COKE_300,Diet Coke 300ml,DOWNLOADED,product_images\Diet Coke 300ml__DIET_COKE_300.webp
SPRITE_250,Sprite 250ml,DOWNLOADED,product_images\Sprite 250ml__SPRITE_250.webp
APPY_FIZZ_250,Appy Fizz 250ml,DOWNLOADED,product_images\Appy Fizz 250ml__APPY_FIZZ_250.webp
FANTA_250,Fanta Orange 250ml,DOWNLOADED,product_images\Fanta Orange 250ml__FANTA_250.webp
COCACOLA_250,Coca-Cola 250ml,DOWNLOADED,product_images\Coca-Cola 250ml__COCACOLA_250.webp
SWING_LYCHEE_270,Swing lychee 270ml,DOWNLOADED,product_images\Swing lychee 270ml__SWING_LYCHEE_270.jpg
THUMSUP_250,Thums Up 250ml,DOWNLOADED,product_images\Thums Up 250ml__THUMSUP_250.webp
BINDU_FIZZ_250,Bindu Fizz Jeera Masala 250ml,DOWNLOADED,product_images\Bindu Fizz Jeera Masala 250ml__BINDU_FIZZ_250.webp
AMUL_PREMIUM_BUTTERMILK_200,Amul Premium Spiced Buttermilk 200ml,DOWNLOADED,product_images\Amul Premium Spiced Buttermilk 200ml__AMUL_PREMIUM_BUTTERMILK_200.webp
NANDINI_MANGO_LASSI_180,Nandini GoodLife Mango Lassi 180ml,DOWNLOADED,product_images\Nandini GoodLife Mango Lassi 180ml__NANDINI_MANGO_LASSI_180.webp
NANDINI_STRAWBERRY_FLAVOURED_MILK_200,Nandini GoodLife Strawberry Flavoured Milk 200ml,DOWNLOADED,product_images\Nandini GoodLife Strawberry Flavoured Milk 200ml__NANDINI_STRAWBERRY_FLAVOURED_MILK_200.webp
MAX_PROTEIN_BERRY_BLUSH_250,RiteBite Max Protein Berry Blush 250ml,DOWNLOADED,product_images\RiteBite Max Protein Berry Blush 250ml__MAX_PROTEIN_BERRY_BLUSH_250.png
NANDINI_PISTA_FLAVOURED_MILK_180,Nandini GoodLife Pista Flavoured Milk 180ml,DOWNLOADED,product_images\Nandini GoodLife Pista Flavoured Milk 180ml__NANDINI_PISTA_FLAVOURED_MILK_180.html
MAX_PROTEIN_CHOCO_BURST_250,RiteBite Max Protein Choco Burst 250ml,DOWNLOADED,product_images\RiteBite Max Protein Choco Burst 250ml__MAX_PROTEIN_CHOCO_BURST_250.png
AMUL_KOOL_CAFE_180,Amul Kool Cafe 180ml,DOWNLOADED,product_images\Amul Kool Cafe 180ml__AMUL_KOOL_CAFE_180.webp
SWING_MIXED_FRUIT_200,Paper Boat Swing Mixed Fruit Medley 200ml,DOWNLOADED,product_images\Paper Boat Swing Mixed Fruit Medley 200ml__SWING_MIXED_FRUIT_200.webp
COCONUT_WATER_200,CocoNuut Coconut Water 200ml,DOWNLOADED,product_images\CocoNuut Coconut Water 200ml__COCONUT_WATER_200.html
RASKIN_NIMBU_PANI_160,Raskin Nimbu Pani 160ml,DOWNLOADED,product_images\Raskin Nimbu Pani 160ml__RASKIN_NIMBU_PANI_160.webp
LIMONATA_160,Bisleri Limonata 160ml,DOWNLOADED,product_images\Bisleri Limonata 160ml__LIMONATA_160.webp
CAMPA_ENERGY_BERRY_250,Campa Energy Berry Kick 250ml,DOWNLOADED,product_images\Campa Energy Berry Kick 250ml__CAMPA_ENERGY_BERRY_250.webp
SEVENUP_1250,7Up Soft Drink 1.25L,DOWNLOADED,product_images\7Up Soft Drink 1.25L__SEVENUP_1250.webp
CAMPA_COLA_250,Campa Cola 250ml,DOWNLOADED,product_images\Campa Cola 250ml__CAMPA_COLA_250.webp
FROOTI_200,Frooti Mango 200ml,DOWNLOADED,product_images\Frooti Mango 200ml__FROOTI_200.webp
COCACOLA_1250,Coca-Cola Soft Drink 1.25L,DOWNLOADED,product_images\Coca-Cola Soft Drink 1.25L__COCACOLA_1250.webp
POP_ORANGE_250,Bisleri Pop Orange 250ml,DOWNLOADED,product_images\Bisleri Pop Orange 250ml__POP_ORANGE_250.jpg
TATA_COPPER_PLUS_1L,Tata Copper Plus Mineral Water 1L,DOWNLOADED,product_images\Tata Copper Plus Mineral Water 1L__TATA_COPPER_PLUS_1L.webp
PEPSI_1250,Pepsi 1.25L,DOWNLOADED,product_images\Pepsi 1.25L__PEPSI_1250.webp
MOUNTAINDEW_1250,Mountain Dew 1.25L,DOWNLOADED,product_images\Mountain Dew 1.25L__MOUNTAINDEW_1250.webp
THUMSUP_1250,Thums Up Soft Drink 1.25L,DOWNLOADED,product_images\Thums Up Soft Drink 1.25L__THUMSUP_1250.webp
